customer_id,name,city,phone
1,Matthew Tucker,Gregport,4539280961
2,Megan Thomas,Port Rebecca,2730192598
3,Alvin Ferrell,Port Cesar,3707279794
4,Lorraine Brady,Staceyland,2572919227
5,Jeremy Brown,Lake Amy,7308306609
6,Amanda Golden,Port Gabrielville,8931254999
7,Paula Horn,Williamberg,8840116931
8,Antonio Thomas,Johnsonport,4216243628
9,Christine Jones,Villarrealburgh,3157006358
10,Anna Harrison,Harrisview,6275971054
11,Larry Scott,Hallfort,5160080960
12,Christopher Johnson,Derekmouth,684096204
13,John Murphy,North Johnny,6966500207
14,Nancy Thomas,Shaunmouth,590865023
15,Jennifer Kennedy,Cookside,1126342402
16,Matthew Meadows,North Amandaborough,2236112935
17,Veronica Wright,Melindaland,3075630594
18,Dennis Young,Kelleyland,2274021511
19,Eric Brown,Alberttown,1125905233
20,Paul Brown,West Russell,1966816527
21,Richard Alvarez,East Ryanshire,3923393103
22,Richard Ford,Johnland,1816537478
23,Aaron Bell,South Peter,2385767484
24,Carol Clark,North Christinaview,879047084
25,Crystal Shepherd,North Jamesmouth,7605256697
26,Tracey Ryan,Lake Paula,4950031935
27,Brittany Robertson,Port Saraside,5576743426
28,Kristy Hardin,West Cameron,1020418918
29,Dustin Daniels,South Josephton,2129759626
30,Virginia Alvarez,East Alyssafort,6609703250
31,Kelly Nixon,Cohenfort,1878066206
32,Lee Huff,North Brianshire,3533089031
33,David Murphy,Amyfort,8401372482
34,Charlotte Jackson,Davismouth,5928392123
35,Sydney Dawson,Stevehaven,9516263031
36,Heather Kim,West Heather,4047568352
37,Aaron Burns,Raymouth,5204477418
38,Kristin Wiggins,Hansonchester,8884226806
39,Joe Nichols,Michealmouth,1320887921
40,Justin Rogers,South Dustinhaven,6921291674
41,Bridget Harmon,Seanborough,5460403829
42,Robin Delacruz,Garrettfurt,5733423838
43,Benjamin Schwartz,Jenniferland,8841932526
44,Laura Collier,East Cynthia,2435108217
45,Gavin Hardy,North Theresa,692967480
46,Tracy Jones,Floresfort,5612728803
47,Franklin Sullivan,West Lorishire,5797017067
48,Andrew Roberts,Sharpport,338998902
49,Scott Perez,Carterfort,3971579006
50,Parker Sanders,South Timothy,6282745287
51,Jennifer Jordan,Rodneyville,781726587
52,Dennis Brewer,New Christine,9795871638
53,Derrick Martinez,Port Lauren,7840711639
54,William Mitchell,Copelandton,3355381527
55,Nancy Cardenas,North Christopher,3667773493
56,Brandy Murray,East Ericfurt,1208569010
57,Timothy Lee,North Charleneburgh,1740190121
58,Theresa Palmer,Heberttown,1046850530
59,Megan Rodriguez,Kristentown,3195059243
60,Mr. Austin Alvarez,Donaldstad,8382356946
61,Jeffrey Sullivan,Lucasborough,7790745158
62,Amanda Miller,Tracyberg,5158851191
63,Jill Mcdonald,Michellebury,4509753059
64,Andrew Lester,West Stephanieville,688571018
65,April Woods,East Kaitlynmouth,1636654291
66,Darrell Rivera,Port Charles,8205855253
67,Tina Cameron,Petersonburgh,4162750744
68,Justin Washington,Tammyview,4684060096
69,Daniel Patel,Richardshire,1655215962
70,Andrew Wright,Mitchellstad,2551591332
71,Laura Roberts,Perryhaven,560428313
72,Travis Meyers,Wendyton,5159265789
73,Michael Lewis Jr.,South Yvonne,6991216637
74,Ariel Higgins,Sandraburgh,9355410566
75,Jeremy Farmer,Valdezchester,2284291935
76,Barbara Maxwell,Molinatown,4416669412
77,David Knight,Bowenbury,5320030666
78,Jessica Choi,Walkerhaven,7383113426
79,Wendy Delgado,Evansland,3302907920
80,Sean Sanchez,West Charles,1381816976
81,Wendy Crosby,Victoriatown,9446249429
82,Eric Hanson,Leeport,4676334375
83,Marvin Payne,New Kellyberg,6043572398
84,Stephen Cain,Port Lonnieborough,2374578747
85,Lindsey Mendez,North Sandraland,6978116183
86,Emily Davis,South Eric,3820237174
87,Elizabeth Pruitt MD,Kathrynstad,2940803755
88,Stephanie Stewart,South Josephville,4216203033
89,Ashley Gonzalez MD,East Amy,4956117797
90,Shawn Hicks,Swansonland,8024040875
91,Douglas Ruiz,West Jenniferview,4410359104
92,Madison Perry,New Tracimouth,2039321599
93,Timothy Garcia,Garciaton,6563978483
94,Eric Huang,Port Nathan,2590133805
95,Lauren Walsh,Victorfort,3430218631
96,John Saunders,Wellsmouth,5528643196
97,Margaret Miller,Sandraside,6354880731
98,Gail Chapman,East Ronald,9470689657
99,Manuel Calderon,Davisborough,4535556449
100,Paul Anderson MD,Kevinstad,9319601499
101,Taylor Newton,New James,9715933521
102,Dylan Green,Villafort,7004674478
103,Jose Sherman,Port Stephanieview,4044843424
104,David Sanchez,Chandlerberg,3131760830
105,Lori Daniel,New Christina,1097373124
106,Joanne Shaw,Jeffreyfort,2122034194
107,Nicholas Galvan,Port Elizabeth,6388211825
108,Timothy Andrade,Lisafurt,5507803472
109,Susan Phillips,Port Donnamouth,6242346204
110,Ryan Rivera,Shanefort,4354934667
111,Todd Arnold,West Kenneth,949639142
112,Jessica Park,Port Dominique,4120861685
113,Zachary Rodriguez,New Jessicaview,6495262763
114,Brent Ali,Davidtown,6954414258
115,David Caldwell,Smithburgh,8865036641
116,David Jones,Brittanyshire,6338119203
117,Crystal Wilson,North Brittanymouth,4303177956
118,Steven Humphrey,Williamberg,4978325398
119,Robert Guerrero,Melanieburgh,5285435856
120,Daniel Morgan,Port Vickie,6101470099
121,Rachel Jordan,Lake Lisa,934425992
122,Melissa Martinez,Sierraville,396160656
123,Rachel Oconnell,Josephmouth,3050038198
124,Patrick Lyons,Wardhaven,7826746638
125,Tara Perkins,Elizabethfort,6207893191
126,Kelly Hood MD,Toddville,8533903896
127,Zachary Beard,Tylerburgh,2103009671
128,William Hatfield,Mistybury,9293019258
129,Jeffrey Ashley,East Jeanette,7186181843
130,Amanda Long,Lake Kimberly,6195888957
131,Dan Murphy,Lake Carlosberg,1921647488
132,Carrie Johnson,New Troystad,4762069659
133,Martin Henderson,New Wesleyhaven,7684957749
134,Patrick Tapia,Derrickmouth,3791211168
135,Sean Walker,North Anthony,2093033283
136,Leah Campbell,Nancyfort,6623001796
137,Darryl Stein,New Tonybury,2107473057
138,Andrew Woods,Blackwellborough,7077540238
139,Courtney Morris,North Kathryn,416501055
140,Daniel Montoya,North Rachel,8527416744
141,Madeline Smith,New Vicki,4019547551
142,Mark Meza,South Stephenside,7666375607
143,Laura Simpson,North Bryan,9158886620
144,Molly Davis,Port Charlesfort,7616777839
145,Lisa Ryan,South Desiree,1431929968
146,Valerie Sparks,West Samanthatown,7500353675
147,Jackson Miller DDS,East Alexanderburgh,3387486468
148,Jessica Grant,Port Lisaside,2716342005
149,Daniel Rubio,Hilltown,798482537
150,Brandy Lopez,Sarahland,1621471325
151,Michelle Glass,East David,7947843037
152,Brandon Higgins,Wesleystad,3502691890
153,John Duncan,East Jenniferview,7781942284
154,Robin Wu,Matthewland,7741750008
155,Russell Hamilton,Torresville,4979110743
156,Nicole Morse,Evansborough,8210872381
157,Ryan Hernandez,Michelefurt,880876757
158,Heather Sims,Gregoryland,9320835876
159,Charles George,Port Colton,6272273101
160,Robyn Mcdonald,Michelleberg,9787425035
161,Derek Franklin,East Phillip,7258912491
162,Gary Lawrence,Cardenasfort,5595274810
163,Dr. Christopher Lloyd,Mitchellshire,3990172054
164,Jon Haynes,North Christopherchester,2456126490
165,Austin Jones,Lisachester,6782483907
166,Donna Davis,Davisborough,6528094675
167,John Reese,Lake Nicholaston,6611793639
168,Troy Cook,Hallfort,2733700878
169,Christina Ross,Beckyhaven,4261443922
170,Brianna Santana,Jenniferside,7691384245
171,Richard Morales MD,Port Raymond,4276343609
172,Chris Williams,South Timothy,2354147146
173,Kelli Schmidt,Johnsonville,5903143250
174,Debra Stevens MD,Seanberg,9787784635
175,Benjamin Hinton,Mathisfort,1075801810
176,Elizabeth Rivers,South Kathryn,6765605956
177,John Clark,Stacyport,8749842977
178,Matthew Parker,Drewland,3849962458
179,Colleen Scott,Gardnerstad,9026415241
180,Mary Knight,Port Georgeshire,4944014714
181,Carol Calhoun,Wilsonmouth,7095370506
182,Michelle Cooper,Hillmouth,6427002996
183,Rachel Mendez,North Shannonport,9419040597
184,Rose Moore,South Jonport,7023679558
185,Allison Brown,Lake Davidview,5406518908
186,Maria Glenn,Jamesside,3829413541
187,Lisa Randolph,Lake Kathleenville,1789606982
188,Matthew Massey,South Kathryntown,4712809360
189,Sharon Levy,Jennychester,1714803478
190,Mr. William Lin,Cassandraview,7062003237
191,Michael Norton MD,North Marymouth,6082118374
192,Melissa Lewis,Jaredland,4399155957
193,Lisa Holloway,Ryanburgh,6033548607
194,Ryan Patton,West Gail,4810518731
195,Jessica Davies,South Jonathan,7132255263
196,Jason Smith,Hurstport,6360240705
197,Cynthia Pollard,North Edward,9930291665
198,Dana Maxwell,Brooksfurt,2852212125
199,Victoria Martin,Michaelville,5539321606
200,Samantha Wade,Olsontown,8644033417
201,Dale Brown,South Jay,9301470787
202,Jeff Villa,Andrewburgh,7196993884
203,Anna Martin,New Ruben,3093964359
204,Tina Arroyo,Lake Johnburgh,6022669226
205,Robin Williams,South Evelyn,559039728
206,Brian Burton,East Patriciaborough,9137430201
207,Ann Acosta,East Andrea,1024563650
208,Jason Jackson,East Kristen,8426870062
209,Andrew Hodge,South Morgan,272573548
210,Mason Roberts,North Aaronmouth,74216895
211,Erica Mckenzie,East Melanieport,4878779536
212,Charles Dean,Douglasland,2794912356
213,Jordan Davis,New John,5294828177
214,Brian Huber,North Kevin,1080936645
215,Katelyn Walker,East Justin,4971439476
216,Sarah Velasquez,West Davidchester,8227780700
217,Kathy Henry,Sarahmouth,7054606545
218,Debbie Kirk,Lake Sherylburgh,2954668759
219,Jennifer Mcgee,East Allisonberg,9172615148
220,Jessica Robinson,Lauraberg,8112292407
221,Erica Griffin,Freemanmouth,1063118104
222,Matthew Bean,West Jessicatown,4068829062
223,Cheryl Brennan,South William,8643301679
224,Christopher Lopez,Lake Tylerview,6372866093
225,Jessica Stevens,East Elizabeth,8517406425
226,Dawn Wilson,Lake Derek,1611511378
227,Alex Roberts,Lake Michael,1526174326
228,Marcus Taylor,Simonshire,5798716761
229,Tracy Owens,Mariaburgh,7314518583
230,Travis Meyer Jr.,Port Tiffanyfort,251752691
231,Stefanie Hunt,Curtisstad,9287091551
232,John Gilmore,Atkinstown,2645509166
233,Steven Moore,Allenborough,1932473663
234,Tina Berg,Hornehaven,165363780
235,John Ramos,Lake Alicebury,2765884781
236,Michael Barrett,East Johnview,7391235521
237,Jay Anderson,Lake Dennis,7542518998
238,Yvonne Thompson,Campbellfort,8312485748
239,Kayla Richardson,Caitlinmouth,6420972998
240,Maria Knight,Fosterport,8606819778
241,Richard Gonzalez,Curtisbury,1885378629
242,Christina Evans,Stephenside,8332518397
243,Kristina Ruiz,East Katie,6319883489
244,Kevin Smith,Lake Rhonda,1636473971
245,William Smith,East Danielle,4681737419
246,Brianna Patterson,North Jamie,2402795361
247,Michael Peters,Edwardstad,5063659735
248,Spencer Fisher,Port Davidside,9243002422
249,Daniel Jimenez,Loriview,9975932409
250,Julie Barber,Jeffreychester,5187252135
251,Anthony Smith,West Julia,2966688447
252,George Shaw,Russellshire,4092262501
253,Gary Tucker,Lake Michaelville,1393908287
254,Andrew Green,Smithstad,2205618462
255,Joshua Patterson,Port Jessica,572201818
256,Stephanie Reed,Gregghaven,240764294
257,Jessica Rubio,East Jackieland,5680685594
258,Walter Lam,Millerburgh,7918933223
259,Mr. Gregory Stephenson,Hannafurt,886502197
260,Robert Robinson,Larryfurt,753875828
261,Zachary Rodriguez,Port Benjaminview,2814681311
262,James Harrison,Tricialand,368003102
263,Crystal Walker,Freemanmouth,841248097
264,Amanda Peters,Port Andreaview,4300010433
265,Daniel Parks,Stephenmouth,4717782825
266,Alexander Baker,North Kimberlyfort,9711411112
267,Christopher Carney,Lake Clifford,542160282
268,Robert Jones,Parkberg,8330836037
269,Megan Gibbs,Josehaven,4492399068
270,Stacy Ellis,Raymondland,1258134273
271,Donna Jones,Sharonshire,7932379219
272,Michael Mckenzie,Lake Kelli,1086589828
273,Jonathan Ramirez,South Mark,2627267017
274,Victoria Riggs,Holderhaven,3697568170
275,Richard Baker,South Jennifertown,7038320821
276,Anna Bentley,East Victor,6310867308
277,Wesley Davis,Hendersonborough,6525474584
278,Jason Harrison,Reillychester,283325856
279,Mark Chen,Kevinview,1560102719
280,Justin Myers,North Paulton,5107192224
281,Jose Cook,Mccoyberg,7545408417
282,Michelle Howard,South Melissa,2918360252
283,Michael Hayes,Angelahaven,848341413
284,Charles Shelton,East Mariaborough,8826753215
285,Kelly Zimmerman,New Anitamouth,9716143917
286,Michelle Stephens,Lake Davidville,4878057873
287,Michelle Hardy,Wandaland,3649194259
288,Thomas Hill,Valenciamouth,3313568471
289,Theresa Thompson,East Julia,3856253564
290,Jonathan Foley,West Craigside,7637361727
291,Kevin Love,Davishaven,4346324527
292,Christina Mckee,Byrdbury,2274674797
293,Martin Holloway,Garyville,6233957953
294,Austin Mejia,East Lori,1250668201
295,Andrea Kerr,North Jasonmouth,6525175315
296,Robin Combs,South Christopherport,262156314
297,Ryan Evans,New Isabellafort,3902389477
298,Heather Garner,Murrayhaven,5147067810
299,Dylan Palmer,North Matthew,7150362942
300,Brandon Barnett,West Tylerborough,7490855019
301,Julia Wang,West Jacob,3885988213
302,Michael Harvey,Charlesmouth,4925307193
303,Karen Osborn,Port Robert,2380488057
304,Lisa Francis,Diazburgh,3677093642
305,Frances Henry,Ibarraview,9769417952
306,Janet Pope,East Maria,551385123
307,Megan Hicks,South Chadfurt,6883351500
308,Kevin Wilson,Sydneymouth,1505463227
309,Shannon Turner,North Virginiachester,1984870281
310,Kaitlin Norris,Edwardberg,8512600005
311,Janet Cook,East Joseph,6872383364
312,Jennifer Davis,Andreatown,3435523780
313,Allen Porter,Butlerbury,8269165324
314,Gary Andrews,West Dorothyfort,3076968014
315,Dr. Charles Roberts,North Brentfort,8108101482
316,Kristina Garza,Velezport,4582441383
317,Pamela Crawford,New Jasonmouth,6174883863
318,Michele Mitchell,East Cherylshire,1907779323
319,Gloria Mcpherson,North Jessica,5906991907
320,Rebecca Jones,Parkerhaven,2940894273
321,Dr. Linda Malone,East Eric,8716579566
322,Roberto Pena,Jonesview,496660602
323,David Stewart,Victoriamouth,3743552839
324,Frank Jackson,Lake Leahton,6705080440
325,Chad Ross,East Jenniferborough,4518361335
326,Bonnie Moore,Nicholsland,8889609661
327,Michelle Miller,Lydiabury,7686678008
328,Todd Morgan,Craigmouth,4515012681
329,Jason Reese,Sanchezstad,3715153570
330,Miss Linda Murphy DVM,West Danafurt,7267792428
331,Rachel Anderson,North Brianna,6399644333
332,Phillip Rodriguez,Lake Mathewville,7362667929
333,Kim Gutierrez,Shannonbury,6414134737
334,Amy Taylor,Johnfort,3066769463
335,Peter Young,Danielstad,2252945716
336,Tristan Palmer MD,South Bridget,3003790990
337,Chelsea Alvarez,East Geoffrey,356993584
338,Daniel Anderson,South Julie,3226777004
339,Maria Barr,East April,1297694080
340,Holly Murray,New Jennifer,5817655121
341,Heather Rivera,Johnhaven,1305911833
342,Deborah Beasley,Faulknerville,4704009134
343,Heather Spence,Jonesside,6402091552
344,Deborah Taylor,Harperchester,7721657975
345,Samantha Berry,Davidberg,9435897061
346,Jason Wilkinson,New Tyler,8233761873
347,Jason Williams,Foxview,6570810554
348,Anita Krueger,East Kelly,5070250833
349,Gregory Snyder,Abbottview,5803712543
350,Donald Thomas,East Meghanmouth,6311915538
351,John Martin,Stephensonshire,3179481795
352,Travis Bush,New Kyle,1596517991
353,Randy Harvey,North Jorgechester,9208690993
354,William Henry,Port Bobby,3183848660
355,Ashley Carter,North Tammystad,9283371175
356,Mr. Timothy Gardner,East Beverly,6706242257
357,Mr. David Thompson,North Nicholastown,4119431770
358,Michelle Foster,East Emilymouth,5275382962
359,William Morgan,Port Sarah,9198851600
360,Roy James,Poolestad,3370142201
361,Joseph Schmidt,Ethanfurt,7011563494
362,Amanda Williams,New Eric,8076322165
363,Patrick Lee,North Nathanchester,7695013010
364,Kelly Johnson,Annaport,1027268565
365,Denise Crane,New Michaelstad,3249861694
366,Rebecca Jensen,South Kara,6600312423
367,Mathew Anderson,Webbbury,6047535037
368,Mary Jensen,North Heidi,5429003559
369,Sierra Cunningham,New Adammouth,5853874606
370,Deborah Robinson,Lisaview,1393940644
371,Shannon Gomez,South Tara,8351549238
372,Elaine Hoffman,Lake Melissa,9042171928
373,Brittany Moore,North Garyville,3147474033
374,Brian Robinson,Lake Stephanie,5699484411
375,Douglas Brooks,South Michaelfurt,6418093508
376,Eric Taylor,East Danielleview,3454932454
377,Joshua Anderson,East Barbara,6244224813
378,Julie Randall,Contrerasborough,8904076650
379,Robert Nash,North Cole,5535179884
380,Andre Spencer,Stephenview,3277921904
381,Melody Ward,Mackberg,1342175184
382,Samantha Lyons,Charlesville,4526197378
383,John Yates,Port Breanna,5875513372
384,Allison Baker,Heathville,4950322958
385,Tiffany Mcconnell,Keyshire,7688221966
386,Michael Jimenez,West Judyview,9423178191
387,Matthew Delacruz,South David,8173767910
388,Joshua Keith,Sierrashire,6186244117
389,Kenneth Golden,Timothyport,3640107701
390,Barbara Gonzalez,Kathleenmouth,5080167382
391,Chase Todd,Obrienbury,2183991618
392,Jay Carroll,Johnsonton,1002166259
393,Amanda Stone,South Jefferyfurt,5462012779
394,Mrs. Desiree White,Taylorchester,3912750443
395,Jill Taylor,Russellland,6227402380
396,Alexander Lee,Port Juanland,303354896
397,Kelly Cherry,Amandaville,8416814695
398,Ronald White,Hudsonhaven,1183035342
399,Tony Dominguez,Victorside,9333959325
400,Eileen Hernandez,West Robert,8399915578
401,Peggy Olson,New Madeline,1571117713
402,Jessica Perez,Lake Jefferyport,3175473770
403,Christina Stevens,Haleyland,1825331609
404,Jose Alexander,Port Candacebury,3491748696
405,Robert Reyes,East Brett,3881520954
406,Erica Smith,Port Christophermouth,1826498051
407,Jennifer Robertson,New Amber,5387114718
408,Ashley Thomas,Mcleanhaven,7582551193
409,Danielle Perkins,New Valerie,39882128
410,Tracy Smith,Branchberg,8276881134
411,Deanna Stephens,North Frankmouth,6664058822
412,Clayton Bennett,Lindseychester,1124955801
413,Scott Schmidt,South Benjaminland,3160970215
414,Heidi Jones,Lake Lauraland,9554696463
415,Nathan Smith,Andreaview,7067218412
416,Corey Baker,Martinstad,1752504990
417,David Alexander,Johnborough,3140605094
418,Kelly Jones,East Deanbury,9453677676
419,Christopher Lowe,South Sara,2261268916
420,Chad Graham,Lake Trevor,3244503861
421,Raymond Roberts,Port Frankview,8422640614
422,Cheyenne Adams,Williamsonchester,7660251782
423,John Rogers,Clarkburgh,2060674168
424,Charles Daniel,New Melissa,4984151893
425,William Buchanan,Denisestad,4175923014
426,Peter White,Aguilarborough,6489023672
427,Michael Meyer,East Robert,8760039011
428,Julie Melton,Adamfort,4772145883
429,Cynthia Casey,Lake Heather,7318319531
430,Joseph Sanchez,Katherinetown,5828481842
431,Melinda Salazar,Carterton,285628832
432,George Edwards,East Jasonton,1371310707
433,Ricardo Coleman,Brooksberg,9192193478
434,Gregory Smith,New Patricia,1030818258
435,Becky Neal,Johnsonmouth,1829039487
436,Kyle Cunningham,Youngchester,6048195540
437,Billy Lowery,East Michelleport,7070268073
438,Kathryn Whitaker,Port Megan,8808121942
439,Amy Skinner,West Glen,3557473859
440,Jane Simon,Lyonsmouth,1452952713
441,Jeffrey Kim,Port David,7062035383
442,Shannon Shaw,Lindsayburgh,262532694
443,Gabriel Richardson,Krystalchester,2691553890
444,Rachel Olsen,Roberthaven,1995824393
445,Cody Mccoy,East Mirandahaven,1053275894
446,Scott Gilbert,South Samanthafort,6583644127
447,Angela Mathews,North Johnny,2019937510
448,Lindsey Jones,New Jamesstad,7222281654
449,Ashley Charles,South Robertland,606787945
450,Luis Johnson,Kimberlytown,6657885338
451,Amanda Tyler,Sullivanport,6820061464
452,Megan Jones,Chaveztown,5546233640
453,Sarah Schultz,West Wendyborough,7803763983
454,Peggy Hart,South Sarah,3403828522
455,Derek Phillips,Aliciabury,8130723271
456,Jordan Villa,Williamton,9512463704
457,Steven Rodriguez,Adamtown,6588851344
458,Tammy Stephens,North Williamburgh,1287034741
459,Ashley Perez,Arroyofort,4477539186
460,Margaret Nguyen,South Edwinport,9460413936
461,James Johnson,Mendozatown,9027764054
462,Patricia Hawkins,Antonioport,4502510924
463,Karen Payne,Williamsland,712363194
464,Gerald Wright,Gonzalesmouth,6117660020
465,Michael Miller,Lake John,882662223
466,Kimberly Harris,East Cindyhaven,6951062322
467,Martin Phillips,New Davidbury,7921681487
468,Gregory Munoz,Dawnton,5080914236
469,Leslie Jackson,Morenoside,5500173127
470,Steven Gilmore,Alyssahaven,5409664446
471,Amy Quinn,Davidland,8814393985
472,James Eaton,Gonzalezmouth,8861622121
473,Shannon Weiss,Whiteton,3317250089
474,Robert Johnson,Garrettland,7977051826
475,Nathaniel Johnson,North Leahton,5650913048
476,Keith Lynch,Darrenside,9942946590
477,Brandon Moore,South Kimberlyton,3783438924
478,Fernando Frazier,Lake Stephaniefurt,7556309610
479,Amy Orozco,Coxland,1306546132
480,George Park,South Samantha,7389575463
481,Anthony Gonzalez,Goodwinville,2406325569
482,Denise Meza,New Micheleberg,2913347153
483,Tony Thompson,Johnview,4598690415
484,Frank Robinson,Lake Jameston,7419551418
485,Brandon Sherman,Josephfurt,5596520512
486,Michelle Barnes,West Kimberlyton,3124081583
487,Andrea Rodriguez,Port Markfort,4986066589
488,Scott Perez,Johnsonberg,3003554049
489,Shawn Barnes,Collinsbury,2528587061
490,Shane Ramsey,Randyton,608845401
491,Mrs. Madison Williams DVM,West Lisa,1579938660
492,Maria Ellis,Nashmouth,3956379398
493,Steven Carson,Transhire,2000323669
494,Darren Bryant,Rebeccamouth,7682688934
495,Carrie Villegas,Terrishire,44530654
496,Christine Lee,Jimhaven,5648634740
497,Mr. Alan White Jr.,New Heatherstad,3475530186
498,Lori Ortiz,New Darrell,7958394269
499,Paul Palmer,Lake Rachel,3713758955
500,Melissa Cox,South Austinborough,4325252576
501,Ryan Sims,East Christopher,5775366675
502,Brittany Bell,Aliceborough,7288935617
503,Robert Bradley,Eugenebury,8972298615
504,Daniel Williams,Lake Kimberlybury,3736129490
505,Taylor Chen,Port Alanchester,8900215671
506,Julie Lee,Lake Jenniferport,1367306983
507,Nathan Walker,Jamesside,3096584511
508,Troy Schmidt,East George,7618297920
509,Christina Wiggins,Emilyside,8957623254
510,Paula Clay,North William,8855748162
511,Alexis Garcia,Justinton,1140324370
512,Nicholas Rose,Davidshire,9799057454
513,Michael Gilmore,Geraldbury,3548411509
514,Krystal Mccoy,East Darrellfurt,150873563
515,Michael Barnett,East Nicoletown,5875440391
516,Joshua Mcdowell,South Joshuafort,9857267936
517,Sean Payne,West Crystal,4285566603
518,Luke York,North Jacobbury,1984105951
519,Desiree Schmidt,East Ninaland,5623034723
520,John Reynolds,Port Shawn,3258336388
521,Krista Lowery,West Ronald,6513639725
522,Michael Anderson,Laurieside,8495071719
523,Taylor Nolan,Lake Stephen,4013791958
524,Amy Melendez,Jenniferside,2113419915
525,Holly Williams,New Tarashire,3006918786
526,Carl Diaz,New Jeffreyfurt,9357893371
527,Heather Decker,Port Stevenport,8267553885
528,Thomas Jones,Aguilarville,6928893461
529,Daniel Mann,Mendozaland,5255792207
530,Rebecca Hernandez,Michaelberg,1510138714
531,Daniel King,Hallhaven,3188772463
532,Jonathan Mack,Davisbury,8536189983
533,Adam Hodge,Mcgrathville,5969755854
534,Gary Brooks,Perezport,4005269017
535,Michelle Davis,South Ryan,1343595643
536,Tyler Holmes,Morrisville,5367386843
537,Daniel Elliott,New Jeremiahview,684181118
538,Ruth Gonzales,Lake Andreaburgh,6795177858
539,James Cooper,Brianafurt,3620935123
540,Brent Alvarez,Ruizmouth,8655195353
541,Lance Adams,Crawfordside,4599499588
542,Joseph Ritter,Martinezbury,7521451631
543,Gary Wheeler,North Stacymouth,5340641095
544,Jason Gutierrez,Savageville,4442852084
545,Jennifer Watson,Jonathanborough,7983197350
546,Lisa Ashley,New Theodore,6037839673
547,David Mendez,Jarvishaven,2170901901
548,Stacey Yoder,Port Linda,4561694581
549,Michelle Simpson,Lake Natalie,7844393848
550,Justin Torres,North Joelside,7266880884
551,Christopher Mathis,Victoriamouth,3834934911
552,Lori Stone,Braunstad,7747912921
553,Eric Wong,East Anthonyshire,8474693011
554,Tracy Hale,North Lindsey,5954176690
555,Jonathan Moore,Gravesport,449846142
556,Erin Owen,Ravenborough,9343424105
557,Robert Randolph,Laurenmouth,5006271871
558,Justin Perez,New Donaldborough,612471329
559,Carla Lopez,Chanville,364093613
560,Jamie Harris,Hopkinsburgh,5529822986
561,Sarah Alvarez,Karenfort,6863651415
562,Matthew Sanchez,East Claudiafort,1125393283
563,Darin Randolph,Port John,258254771
564,Jimmy Hart,South Paulaborough,3631158767
565,Lindsey Shaw,Juareztown,667110105
566,Dr. Michael Clark,Quinnbury,5693092982
567,Caleb Weaver,Pennymouth,6141491247
568,Stephanie Pittman,Audreybury,7316429125
569,Karen Salas,West Maria,1084008364
570,Linda Green,Lake Kevinborough,8592614481
571,Ann James,North Kevinhaven,6459143575
572,Mark Mayo,South John,7027017609
573,Lance Maddox,Lake Kathrynborough,8299479187
574,Russell Golden,Jonathanview,5386239847
575,Michaela Adams,North Brittanyfurt,4633097198
576,James Jackson,Julieborough,817316224
577,Gerald Bullock,East Ronald,8743139918
578,Kristin Schultz,Lake Michaelville,1912498222
579,Elizabeth Ramirez,Michaelmouth,3700183129
580,Denise Ponce,Jonfort,5559303283
581,Brittney Bennett,Lisastad,77055526
582,Christopher Decker,East Charlesport,8210694478
583,Courtney Howard,New Jodi,8969367356
584,Scott Patterson,Thomasville,6808298927
585,Eric Riddle,New Tracey,6985665997
586,Debra Clark,West Dawn,7521098003
587,Christopher Gonzalez,Jenkinsport,9378623965
588,Thomas Allison,South Justinbury,587653081
589,Amy Soto,Martinbury,1134833286
590,Julie Powers,Mooreburgh,6721114364
591,Samantha Marshall,South Angelabury,482547413
592,Jacob Ochoa,West Dylan,2544367821
593,Patrick Martin,Brooksfurt,9620367078
594,Erin Salinas,Travisfurt,2450581884
595,Mr. David Jackson DDS,Jackieborough,5475789533
596,John Williams,Campbellborough,2824787684
597,Thomas Johnson,East Christopher,9313440648
598,Theresa Miller,Fosterville,4095700188
599,Jeffrey Campbell,North Thomas,1148696887
600,Kevin Jackson,South Donna,5888458108
601,Tristan Johnson,Hoffmanchester,2381730925
602,Lawrence Le,New Tyler,6112930103
603,Glenda Robinson,Andersonhaven,4648784725
604,Robert James,East Dawn,6710279454
605,Antonio Wright,Jimmyhaven,4191716668
606,Elizabeth Bailey,Karaland,785797426
607,Daniel Powell,North Charles,8553528212
608,Joyce Collins,Bakerville,1326939611
609,Vicki Hoffman,Snyderville,2328767468
610,Joan Cohen,West Megan,6749744892
611,Angela Davis,South Wendy,9144046657
612,Jonathon Guzman,Jasonfort,3751912766
613,Troy Wolf,Nunezstad,7723172003
614,Dillon Parks,New Mauriceborough,3407727061
615,Tracey Leonard,South Joyce,6835812987
616,Jeffrey Hanson,East Stacyview,7783121687
617,Theresa Roberson,Richardland,4789116301
618,John Schmidt,New Ryanfurt,7121041670
619,Michael Hughes,Cassandratown,1450219155
620,Christopher Long,Port Leah,7053402819
621,Andrew Ellison,Hamiltonfurt,943271265
622,Patricia Sexton,West Spencer,3295472441
623,Robert Rodriguez,West Jonathanland,8893267084
624,Thomas Hill,Youngtown,6888285453
625,Ethan Novak,Grayhaven,9828226793
626,Megan Miranda,North Ronald,2485627958
627,Kenneth Hill,Kathryntown,6439088555
628,Michael Lee,Danielbury,8102164545
629,Jose Norris,Thompsonview,931373297
630,Austin Cortez,Pettyberg,1043092509
631,Sean Stafford,Fisherside,5759761887
632,Lindsay Sanchez,Kristafurt,2374348167
633,Darren Young,West Michael,2905132695
634,Brian Chaney,New Jesse,1374911107
635,Mr. Todd Mccarthy,Cruzton,3464863962
636,William Petersen,Cunninghamland,3871776453
637,Mary House,Maldonadoland,7018940167
638,Christina Ford,East Trevor,2942037101
639,Katie Miller,Johnsonfurt,5876113584
640,Jaclyn Aguirre,Michelleshire,1584257031
641,Erik Mendez DDS,Schneiderside,6555737346
642,Nicholas Rodriguez,New Josephbury,9051534280
643,Emily Jones,Jacobland,5454075293
644,Deanna Baker,Brownburgh,2357888790
645,Christopher Franco,Hallmouth,6456582904
646,Mark Wright,Steinville,903934387
647,Thomas Cole,Lake Lauren,2659315894
648,Matthew Alexander,Amandaside,9531023966
649,Laura Brown,Petersburgh,8891779138
650,Erin Duke,Kellerton,8573000195
651,Ronald Rasmussen,East Robert,6824894230
652,Andrew Joseph,Websterberg,6025744798
653,Tricia Cole,Scottport,7223289419
654,Elizabeth Davis,Smithside,133307502
655,Matthew Solomon,Lake Allisonport,6052427198
656,Robert Nelson,Philipfort,8814078444
657,Ashley Cooley,East Laura,1432961423
658,Thomas Lewis,Margaretfurt,8367177250
659,Cory Holden,West Josephstad,629368880
660,Stephen Smith,North Cassandra,7146813714
661,Douglas Fernandez,Lake Amberton,244864335
662,Tiffany Castro,New Andrew,3580604075
663,Dr. Ronald Chen,Cynthiatown,3374813050
664,David Garcia,North Joseborough,3083745780
665,Frank Smith,Abigailhaven,9441065322
666,Tammy Powell DDS,Collinsbury,3009635452
667,Lisa Greene,Karlfort,8478696984
668,Jeffery Barker,South Josephchester,9844303159
669,Lisa Martinez,West Angela,3053234326
670,Jonathan Dyer,Port Noah,1472537326
671,Heidi Aguirre,Ryanside,508186903
672,Jacob Brown,Amandafurt,846688499
673,George Morrison,Port Julia,7842727068
674,April Rowland,West Karenfurt,1228352278
675,Melinda Hunt,Jonside,3884940210
676,Joseph Williams,Anthonystad,2201081032
677,Tyler Rodriguez,Amyshire,5044031092
678,Jesse Davis,Port Amy,2777426802
679,Mark Mcintosh,East Dianeport,8944396736
680,Jeremiah Rodriguez PhD,Johnsonstad,6515172410
681,Zachary Mckinney,East Joseph,832800364
682,Christopher Johnson,Lake Sherichester,3759769750
683,Ann Blanchard,Dunnland,4925689276
684,Steve Cook,Crystalville,2918630986
685,Patrick Williams,New Catherinehaven,6420805407
686,Aaron Owen,South Sue,942274840
687,James Mayer,Tylerland,1604409867
688,Lawrence Briggs,Jonesville,9663775604
689,Brandi Jennings,Hernandezside,4427814348
690,Katelyn Hanson,Richardton,1101911626
691,Ryan Buchanan,Adrienneport,5269229702
692,Michael Thompson,Mooremouth,912576213
693,Savannah Harris,Danielmouth,589508277
694,Jennifer Long,Ericburgh,9136194368
695,Allison Wood,Port Lauraview,4289499096
696,Wesley Jensen,Aprilfort,4147219301
697,Michelle Bell,North Curtisfort,6660041611
698,Michael Stone,New Andrewhaven,1967710115
699,Susan Harper,Jamestown,8352225769
700,Andrew Zamora MD,West Kathy,7723048129
701,Anthony Baker,Kristenmouth,4741196628
702,Cassie Lowery,Garciafort,2806403034
703,Steven Jefferson,North Gabrielle,5842764583
704,Justin Cannon,Derrickside,5146131969
705,John Wright,West Richardville,543194989
706,Richard Smith,Vanessachester,6019033153
707,Joseph Jones,South Sherri,7606690706
708,Victor Gutierrez,Stevenburgh,7727482306
709,Adam Choi Jr.,Sotomouth,7896845556
710,Andrew Robinson,Hatfieldstad,1025961795
711,Erica Vaughan,South Jordan,7790498216
712,Jeffrey Cole,Jamesbury,1919767449
713,Jasmine Burnett,New Troyfurt,4173370104
714,Shane Marsh,Brianahaven,1225887657
715,Victor Peterson,Martinburgh,8433715531
716,Laura Wallace,West Rebecca,5310488442
717,Dean Long,West Aaronmouth,1468996878
718,George Johnson,West Adam,4746958452
719,Barbara Alexander,Kellyfurt,226472147
720,Cole Lawson,Gileschester,8333986243
721,Daniel Bryant,Williamville,8968962180
722,Timothy Nelson,Lake Robert,7508597795
723,Megan Palmer,Suzanneville,9688290644
724,Michael Smith,Harrisport,5012212936
725,Garrett Jordan,Barkerstad,418930392
726,Michael Bradford,East Gregory,7274209548
727,Marissa Meyer,Seanbury,7646928030
728,Christopher Martin,North Anthony,1840354998
729,Mr. Jacob Mcbride,Cynthiafurt,9458835481
730,Barbara Powell,Anthonyshire,5689379722
731,Kayla Lewis,New Aaron,9807889465
732,Heather Marshall,Port Ian,6049088374
733,Mark Padilla,New Kathleen,2123272634
734,Joanne Lopez,Collinston,9442029355
735,Melissa Wong,East Jonathon,1338137192
736,Jade Ramirez,Danielleville,8815853982
737,Christina Conrad,Port Joshuashire,9686085533
738,James Morris,Port Jay,4362647075
739,Melissa Davis,New Troytown,526396343
740,Jacob Johnson,Humphreyside,5394561401
741,Arthur Miller,East Tina,8832279638
742,Sarah Lane,Port Brianside,8703456469
743,Joseph Dunn,Port Stephanie,7404229608
744,Jamie Cabrera,Lopezfort,2696677462
745,Debra Jenkins,Johnfurt,926273217
746,Jasmine Nielsen,Benjaminmouth,647097578
747,Steven Acosta,Tylerfurt,1651862753
748,Caitlin Ortiz,West Spencer,7700523465
749,Tammy Lewis,Maxwellbury,2485816299
750,Janice Morgan,Popemouth,6616377924
751,Kevin Bowers,Gilberttown,3130491863
752,Ryan Harris,Melissaborough,7172042392
753,Terry Simmons,East Christine,1288001590
754,Sarah Frazier,Patelstad,651429626
755,Adam Marquez DDS,Victoriachester,2306759416
756,Sophia Lynch,Ramoschester,3059550613
757,Sandra Munoz,Port Joshua,924523366
758,Steven Hansen,Garyport,8084942041
759,Jennifer Obrien,Richardview,9835456966
760,John Lopez,Mooreville,2554686095
761,Christopher Mitchell,Lake Kirstenside,3685900594
762,Jeffrey Arnold,Lake Eric,8550412114
763,Christopher Poole,Port Johnfort,2493765469
764,Marc Rice,New Julieberg,8863040075
765,Michael Anderson,Carsontown,7833146760
766,Bridget Wise,East Heather,3406820194
767,Jamie Livingston,Baldwinberg,9843617221
768,Nathan Wallace,West Haleyport,2844730434
769,Briana Hinton,Boonechester,7766098131
770,Nathaniel Jones,South Jason,711461498
771,Mandy Ross,Mcculloughport,4439275513
772,Tiffany Ruiz,Karenside,6294385435
773,Joseph Richards,East Amanda,6482035722
774,Rebecca Marshall,Lake David,2652688581
775,Dean Brewer,Maryview,6489581879
776,David Hicks,Lake Shawn,7731017964
777,Tyler Winters,West Cheyenneton,3325157549
778,Daniel Hutchinson,Stoneville,6982706098
779,Heather Olsen,Denisemouth,9991536560
780,Gregory Baker,South Johnchester,4674551646
781,Scott Bennett,Benjaminshire,6707206433
782,Mark Smith,Christineton,9700338974
783,Sarah Johnson,East Natalie,5990103101
784,Shawn Webb,Lanetown,5364068459
785,Christopher Durham,South Megan,6481238236
786,Stephen Hines,North Jo,6406421966
787,Olivia Collins,East Andres,8000519789
788,Leah Garza DVM,North Ericaburgh,2302463255
789,Joshua Davis,West John,7831739219
790,Heather Potter,West Justinview,5682957192
791,Dr. Catherine Wood,Perkinsshire,7819196979
792,Patricia West,Michelleland,5724835840
793,William Andrews,East Sharonmouth,9537793049
794,Paula Castillo,Wesleyland,7865162990
795,Cassandra Collins,Port Nicole,5459290682
796,Jill Wilson,West Michael,6963611441
797,Sarah Mcdonald,South Stephanie,6654006920
798,Aaron Alvarez,Lake Andrewport,2970732307
799,Cody Jarvis,East Kelseyfort,181728644
800,Taylor Webster,Griffinfurt,5170694519
801,Shawn Lee,Mariahaven,174568377
802,Ms. Emily Sloan,South Robintown,9272266527
803,Carol Lang,South Paula,5091125066
804,Robin Sanchez,Lewismouth,4305969418
805,Leslie Williams,Lake Gabriel,6264593253
806,Dorothy Espinoza,East Miguelchester,2567275620
807,Todd Haynes,Erikland,6466564461
808,Charles Jacobs,Lake Matthewburgh,4473136450
809,Karen Clark,Port Tommy,6174129687
810,Jocelyn Davila,East Melinda,9611173120
811,Jennifer Collins,West Tamarashire,2939641497
812,Tamara Ellis,Villarrealstad,8580725941
813,Paul Mueller,Andrebury,6770493211
814,John Higgins,Port Jacqueline,4833578796
815,Brittany Walker,Avilaview,4538904811
816,Lori Campbell,Burgessborough,3985535874
817,Billy King,Joybury,8532343011
818,Jason White,Port John,2296958270
819,Jeffery Barber,Griffithport,4268368782
820,Alicia Horton,New Paul,3816830049
821,Lisa Case,Martinfurt,4501926347
822,Robert Lee,Virginiastad,4125507065
823,Mark Sanchez,Tiffanyside,580156255
824,Matthew Garrett,Catherineburgh,2372324829
825,Dr. Robert Walters,East Jacqueline,8894813826
826,Bryan Carson,Johnathanside,7591576538
827,Christopher Miller,Murrayfurt,8784221851
828,Jennifer Anthony,Leonardburgh,7686659623
829,Kevin Mahoney,South Wendy,7890513816
830,Joel Lara,New Marthamouth,3951952577
831,Joseph Mitchell,Harmonmouth,8629928236
832,James Mcgee,Lake Erin,3132583507
833,Sarah Zamora,New Cynthiastad,5547040595
834,Mrs. Anita Perkins,Reedview,6129916526
835,Brandon Clark,Brendamouth,9446779517
836,Jordan Durham,Thomasberg,6660416344
837,Mark Allen,Castillobury,8416046267
838,Lisa Nelson,Griffinfort,4556311410
839,Morgan Becker,West Christine,3083512306
840,Andrew Bennett,West Corybury,4778369412
841,Gregory Robertson,Roberthaven,3532759753
842,Elizabeth Shepard,Tommyport,6016332553
843,Sheila Brown,Port Joseph,1425512868
844,Jonathan Johnson,East Devin,3965876126
845,Todd Cross,West Anthonyburgh,8017768022
846,Dominique Bruce,North Brendan,169637591
847,Sarah Arnold,North Ashleytown,6272462080
848,Kathleen Thomas,South Ashleyshire,7084969373
849,Eric Campbell,South Kylebury,7186586551
850,Belinda Cooper,Lake Sandrahaven,5145804022
851,Robin Brooks,West Keithmouth,4132950066
852,Veronica Smith,Brianland,4543162025
853,Kerry Anthony,North Julie,2933467693
854,James Nichols,New Tracyhaven,4047489137
855,Melinda Johnson,South James,7103827931
856,Timothy Mayo,Padillashire,6357956635
857,Alexis Smith MD,South Stephanie,5988728762
858,Krystal Spears,Cathyland,8692765769
859,Nancy Rogers,Port Jonathonbury,2793451952
860,Richard Ellis,Kelleychester,8517832016
861,Andrew Copeland,Port Manuelhaven,2321591003
862,Kyle Hoffman,East Beverly,2447077575
863,Shannon Hudson,Veronicaland,1122470561
864,Ashley Gonzales,North Charlesburgh,7675499180
865,Jeremy Foster,North Betty,150531070
866,Whitney Jones,Owenston,6971639687
867,Ryan Stone,Herreraton,1260968678
868,Brett Gray,Port Stephen,2798140562
869,Laura Tanner,Port Taylorton,6092184865
870,Edwin Chavez,Huntershire,900741847
871,Stanley Bowers,South Heather,5992680603
872,Carrie Jones MD,Simmonsland,7714186647
873,Mark Navarro,West Davidton,1431501791
874,Mr. Noah Robles,Johnstonberg,3459822846
875,Jacob Clayton,Turnerview,9905891260
876,Jamie Chavez,Port Tashahaven,865048783
877,Joel Peters MD,Lake Austin,8510402425
878,Kenneth Johnson,South Annport,8212677620
879,Ashley Sawyer,Welchton,7183016120
880,John Maddox,Steventon,5572966904
881,Michael Smith,Richardmouth,3967487428
882,Benjamin Phillips,South Johnathan,5758647745
883,Virginia Martin,Tracytown,6036345131
884,Misty Andrews,Colestad,2580280076
885,Jennifer Adams,Mooneyton,1487688045
886,Karen Johnson,Campbellton,1514666899
887,Michelle Wang,Kathyton,1799645631
888,Melanie Nelson,South Teresa,4698630303
889,Brooke Pratt,East Bryanchester,9713407782
890,James Wright,Johnstad,7401251534
891,Mr. Jonathan Hamilton,Emilyhaven,1544344110
892,Julie Garza,Sandersmouth,2394822332
893,Patricia Phillips,North Gregory,7607072522
894,Roger Reynolds Jr.,Lake Brandon,6042609418
895,Matthew Flores,Kellyberg,3746813198
896,Natalie Baker,North Travis,5686625315
897,Maria Harris,Amberton,1756919603
898,Jenny Henderson,Port Haroldborough,3644840081
899,Patrick Stephens,Port Erinfurt,1781715042
900,Sandra Mcneil,Mooremouth,8387943750
901,Dalton Walter,Daniellehaven,5792483094
902,Janice Fisher,Justinfurt,6348939706
903,Robin Henry,Matthewton,621691677
904,Penny Stewart,North Samanthamouth,2864308812
905,Allison Martinez,Port Johnnyshire,6389114189
906,Kurt Garcia,East Debra,2192485418
907,Thomas Anderson,Jeffreytown,2746711860
908,Kaitlin Berry,Aprilstad,6970437927
909,Madeline Hicks,Port Mark,1629715420
910,Charles Freeman,Sandraland,7386371354
911,Donna Foster,Port Jose,7571523233
912,Mark Gallagher,Brandonside,4533181515
913,Patrick Jones,East Michaelshire,5395777713
914,James Arnold,New Brookeshire,2734827250
915,Lori Callahan,Claytontown,9178645735
916,Hannah Lin,South Omarfurt,9380451388
917,Megan Brown,Danielsside,4303314718
918,Stephanie Miller DVM,Jonesburgh,9111416934
919,Lisa Washington,Wattsville,3231201428
920,Henry Riley,Matthewbury,1587484341
921,Joseph Henderson,East David,274816268
922,Paul Krueger,Jillhaven,306312659
923,Caitlin Duffy,Larrystad,4945196918
924,Jill Sharp,East David,2269266107
925,Justin Hall,West Sean,8767228007
926,Cameron Sharp Jr.,New Jeremy,2960946510
927,Melissa Martin,East Daniel,3151275049
928,Mark Hall,Lake Danielburgh,8154077840
929,Teresa Knight,East Danielle,8166537844
930,Lisa Cooper MD,Travistown,6450762970
931,Kenneth Black,New Davidside,1232288154
932,Haley Silva,Wolfborough,6020484329
933,Suzanne Vaughn,South Virginia,4644178699
934,Mitchell Wood,East Carlton,2798091968
935,Michael Fitzpatrick,West Nicole,5709528150
936,Hannah Martin,North Chadland,1000731316
937,Lindsey Watts,West Derrickchester,4259199828
938,Courtney David,East Natasha,5935171963
939,Donna Powers,Victorialand,8436649301
940,Jillian Gaines,Danaport,3986955592
941,Amber Jackson,Robertton,8055232945
942,Randy Johnson,Weavermouth,958335412
943,Robert Rogers,South Denise,2869044300
944,William Owen,New Whitney,5547297000
945,Cameron Mercado,West Megan,7180919450
946,Katie Baker,Aaronfort,2507424614
947,Adam Harris,East Alexanderside,7913163448
948,April Yang,East William,5076765688
949,Colin Martinez,New Adam,5254320476
950,Taylor Richardson,West Felicia,2472497534
951,Troy Mcpherson,Lesterton,6516788150
952,Jeffrey Sawyer,Brownborough,6904847200
953,Karen Rosales,Adkinsland,5271393004
954,Jacqueline Doyle,West Micheleburgh,8493450263
955,Holly Shaw,Lake Marieland,8044729722
956,Jennifer Morgan,Walkerberg,3816862300
957,Eric Cruz,North Kellystad,8258211341
958,Todd Johnson,Johnchester,7578374573
959,Jean Phillips,Ronnieton,3328017364
960,David Cooper PhD,Walkermouth,4801640852
961,Nicole Gonzales,North Jenniferside,3715797160
962,Stephanie Campbell,Bennetttown,4954096080
963,Amber Wilson,New Jonathanland,3344737177
964,Mary White,Port Jimmyside,283630399
965,David Hernandez,Alexisfurt,1090611805
966,James Bartlett,Lake Dylanberg,2751341280
967,Stuart Mccarty,East Amyland,8918426491
968,Amanda Blevins,New Rebecca,392467126
969,Michael Diaz,East Laura,1369967888
970,Michael Thompson,Jimenezside,6270713956
971,David Foster,East Hannah,2747761474
972,Pamela Johnson,Melissashire,7627026073
973,Michael Ross,New Glennberg,3358023374
974,Becky Castro,Lisaton,3588193885
975,Nichole Rodriguez,Lake Marvin,3695677995
976,Bruce Dean,Lake Victoria,5777792508
977,Jeff Hopkins,Bryantmouth,3048035217
978,Andrew Livingston,South Stephenport,8676024750
979,Ricardo Phillips,Warrenside,8547596590
980,Joshua Rivers,Matthewtown,765987517
981,Joseph Johnson,Lake Scottview,1591518162
982,Paul Scott,Mathisstad,200273064
983,Antonio Walters,East Erica,1303653005
984,Melissa Nunez,Johnsonview,5627880652
985,Mariah Jones,Vaughnton,2217366890
986,Scott Bowen,Charlottestad,2508175224
987,Bonnie Johnson,Kathyfort,1129980076
988,Karen Mays,Olsenborough,5362944920
989,Jonathan Pearson,Howardville,3914284924
990,Lucas Cunningham,New Matthewfurt,9584342300
991,Julian Robertson,West Peter,5435364014
992,Dustin Hodges,Millermouth,7521653234
993,Richard Dalton,South Benjaminfort,4734126855
994,Jason Sanchez,Marcushaven,8383727507
995,Christine Sherman,Vincentfort,6428692215
996,Lucas Henderson,South Michaelport,432534142
997,Kathryn Reed,West Michael,944621262
998,Michelle Woodward,Robbinsberg,9444468137
999,Patricia Shah,Ashleyshire,9078276620
1000,Nancy Thompson,East Ellen,5717499038
1001,Mary Trevino,Melissaville,6518281957
1002,William Harris,Port Michelleview,6290016125
1003,Steven Clark,East Krystalfurt,6977840741
1004,Heather Mccarty,Sandersmouth,1018594635
1005,Regina Brown,East Ronaldmouth,9018824547
1006,Ronald Flores,New Richardshire,9485818683
1007,Diana Johnson,East Kathleenland,2331408561
1008,Calvin Cantu,Port Jenny,3748901376
1009,Stephen Johnson,Greenview,2734651282
1010,Amanda Rios,Oliverchester,860654718
1011,Roger Dawson,Kylefurt,8695473031
1012,Jamie Carey,South Laurieview,2274342711
1013,Marisa Clark,Port Mary,2596566662
1014,Deborah Richards,East Jennifermouth,9109507342
1015,Jessica Nelson,Lauraborough,7825833289
1016,Christopher Harper,South Amberport,383586732
1017,Carolyn Alvarez,North Timothystad,3728990054
1018,Marcus Wagner,Brendaville,6505892185
1019,Frank Hale,Elizabethberg,9432045584
1020,Kimberly Porter,West Sarahmouth,2549054743
1021,Robert Walker,Rebeccashire,5933817849
1022,Kenneth Park,Randallfort,9415873753
1023,Stacy Brown,Randyberg,5050948157
1024,Jennifer Le,Port Mary,6376767252
1025,Kathy Golden,North Timothy,2604308850
1026,Edward Ingram,Juanborough,451127797
1027,Ashley Erickson,New Mark,1953345604
1028,Susan Stone,Mccarthyland,3084668021
1029,Elizabeth Miller,Wilsonborough,803549520
1030,Mark Cox,Patrickview,7512950207
1031,Kathleen Rodriguez,Campbellmouth,4237970253
1032,Sonya Decker,Gordonfurt,9000282926
1033,Dana Adkins,Port Elizabeth,602019489
1034,Veronica Johnson,West Sara,8025026138
1035,Breanna Mooney,Jerryland,2122750697
1036,Valerie Valenzuela,Amandastad,3690201051
1037,Richard Wilson,New Destinyland,4598613212
1038,Shawn Chaney,Port Jamesburgh,5201271044
1039,Tyler Morris,North Daniel,715137475
1040,Edward Thompson,Kayleetown,8812082163
1041,Michelle Pratt,West Amyview,5283776819
1042,Joshua Hernandez,Saramouth,1822159396
1043,Steven Smith,Muellerville,3941768814
1044,Pamela Webb,East Jasonside,2765664832
1045,Tracey Douglas,West Darrell,9237481077
1046,John Martinez MD,Matthewbury,7097903026
1047,Eddie Banks,East Ambermouth,7676229781
1048,Steven Watson,Greenshire,1957309820
1049,Bryan Johnson,Michaelland,7529473341
1050,Michael West,Samanthaside,728170943
1051,Larry Cole,Elliottchester,1773046513
1052,Dr. Mark Allen DVM,Kristinaburgh,7865527395
1053,Juan Taylor,Markside,8627847061
1054,Leonard Payne,Delgadomouth,4937005133
1055,Diane Schneider,South Kathy,3602576966
1056,Mark King,Loribury,9038428970
1057,Carl Michael,Ericberg,8741438739
1058,Caitlin Ramos,West Melissa,281617722
1059,Dr. Elizabeth Sherman,Port Jeremy,8660869042
1060,Christy Anderson,Guerreroberg,9776903990
1061,John Hicks,Smithland,2644892781
1062,Sean Walton,Christymouth,1592280422
1063,Lisa Smith,South Jeromechester,9776187025
1064,Paula Morris,Williamshire,815729412
1065,Todd Obrien,Carrton,506815329
1066,Alexander Davis,Sarahland,1914004025
1067,James Nielsen,Melissafurt,2829487051
1068,Jenny Duran,Lake Rebecca,9665763007
1069,Bradley Ortiz,Sandraberg,877877155
1070,Sheila Mitchell,Shelleymouth,3773957386
1071,Brandy Brown,Kennethberg,417082659
1072,Eric Gonzales,East Jeff,542127449
1073,Annette Warren,Georgestad,4458547764
1074,Steven Byrd,South Charles,6109689962
1075,Daniel Brown,North Christophermouth,3549011301
1076,Heather Cummings,South Danielburgh,2899167894
1077,Erik Vega,Williamshire,6807452664
1078,Linda Gibson,Evanschester,3113988394
1079,Kevin Lloyd,Lake Cheryl,3381793159
1080,Cassandra Dunn,Angelabury,1658892398
1081,Jennifer Taylor,North Kiaraview,1394150457
1082,Brandy Jenkins,North Donnaborough,527814802
1083,Jacob Moore,East Krystalchester,6698757414
1084,Amy Lee,Wayneshire,2650536100
1085,Daniel Thomas,North Jamesborough,5091972661
1086,Glenn Gilmore,East Ginatown,4909973457
1087,Amy Cross,East Catherine,3208067252
1088,Nathan Brown,East Derekberg,8281965015
1089,Kevin Miller,Harrisside,8390188853
1090,Richard Herrera,Mcleanland,373109277
1091,Kristin Washington,New Brandonville,6371347821
1092,Taylor Smith MD,North Kelsey,3128189260
1093,Emma Bailey,North Michaelchester,4410764733
1094,Frank Perez,South Tracy,3465514594
1095,Maria Stone,New Jose,7869475602
1096,Sarah Esparza,Christopherbury,2390091461
1097,Stacey Carpenter,Lake Dana,1009481346
1098,Sherry Riggs,Myersside,675230762
1099,Andrea Sanders,East Brenda,7804001851
1100,Alexander Mclean,Haroldland,3918156701
1101,Cameron Stevens,East Amandaview,1528501063
1102,Harold Martinez,Bryanchester,9068980524
1103,Bradley Martin,Johnsonchester,2786838750
1104,Lori Hill,South Brendastad,4936660837
1105,Angela Jones,West Eric,4653784575
1106,James Wagner,Susanport,4403113543
1107,Benjamin Clay,South William,4797416692
1108,Melinda Clark,Moorebury,8051377030
1109,Brooke Sanchez,Lucasfort,7191181557
1110,Rebecca Noble,West Davidfort,3309065676
1111,Justin King,Paynemouth,9446236940
1112,Shelly Wilson,South Zoeborough,1093564875
1113,Michael Gibbs,South Angelabury,1090163096
1114,Barry Gallegos,North Joseph,4807488475
1115,Sue Todd,Andersonport,742435638
1116,Katie Rodriguez,New Adam,8359320867
1117,Justin Holmes,East John,1705910320
1118,Robert Schmidt,Port Alice,9233185230
1119,Tracey Jones,West Lisa,5401327639
1120,Andrea Rivera,Benjaminberg,3414776685
1121,Nicholas Williams,Port Christopher,3766068600
1122,Jennifer Weiss,Johnsonton,598347697
1123,James Curtis,Port Lisa,1497632362
1124,James Lopez,Williamland,4889826517
1125,Carrie Rivera,Rubioburgh,8312944031
1126,Lisa Harvey,South Johnberg,4561522530
1127,Jonathan Adams,East Christian,2378841687
1128,Michelle Hodges,West Suzanne,5146217500
1129,Robert Larson,Port Shirleychester,9123014629
1130,Brian Walker,Rachelmouth,276003271
1131,Jessica West,Davidberg,3725616640
1132,Tamara Carr,Foxland,3910129507
1133,Joshua Escobar,West Johnview,8973341457
1134,Alyssa Perez,Smithmouth,5168069697
1135,Kimberly Reed,East Pamelaport,9427085379
1136,Larry Curry,Lake Sheilafort,7129700087
1137,Christopher Andrews,Michaelaport,1664830008
1138,Sarah Harvey,West Mia,7292239210
1139,Megan Myers,Lake Logan,3908909232
1140,Lindsey Garrett,Jonesburgh,5538334999
1141,Lori Ortiz,South Adamfort,6650344336
1142,Andrew Bishop,East Natasha,1680335287
1143,Ariana Watts,North Wyattburgh,979686926
1144,Dustin Munoz,New Sabrina,9602475309
1145,Brandon Coleman,Maynardmouth,2617954675
1146,Amy Burke,West Kristin,39339548
1147,Lauren Alvarez,Lake Cheryl,9541706828
1148,Sandra Hopkins,North Ericborough,3500557191
1149,Michael Cooper,Lake Katherineshire,4619252137
1150,James Fitzgerald,East Lisa,7201072860
1151,Patricia Cline,Port Jason,2418478224
1152,Victor Johnson,North Stacyborough,6052575716
1153,Vanessa Smith,Lake Tabitha,7002509374
1154,Daniel Perry,East Ericmouth,2249152966
1155,Michael Lee,Rodriguezstad,4905686274
1156,Wesley Jones,North Christopher,9148300361
1157,Mary Robinson,Port Raymondborough,2018792858
1158,Thomas Powell,East Robinmouth,2893485517
1159,Crystal Flores,New Sarah,8205458796
1160,Martin Pineda,Tylerchester,5128874645
1161,Amy Payne,New Paul,7535460782
1162,Karen Allen,Alexashire,6412535338
1163,Michael Richardson,Katherinestad,95138767
1164,Craig Dixon,Moralesfort,4230436965
1165,Allen Anthony,Woodfurt,3168769978
1166,Diana Chase,Andremouth,9723629885
1167,Thomas Perez,South Michele,5639555739
1168,Austin Kelley,Stantonberg,34170477
1169,Jennifer Davis,Lake Wesley,1624207222
1170,Mark Cardenas,Walterberg,8711057966
1171,Peter Young,New Randallberg,1681744776
1172,William Thomas,New Emily,9705599982
1173,Marie Fox,Frazierchester,708644798
1174,Kendra Durham,Perkinsville,3064501457
1175,Robert Burke,Sarahstad,4796147738
1176,Sherry Duke,North Kristen,1340188839
1177,Jeremiah Price,Daviston,6072258960
1178,Sandra Thomas,West Ann,4923216184
1179,William Hernandez,Lake Ashleyland,5777769804
1180,Jane Harding,New Timshire,2597454968
1181,Valerie Adams,South Kellyview,8975209705
1182,Michael Anderson,East Samantha,8673794877
1183,Glenn Smith,Port Karenside,900812379
1184,Kevin Marks,Butlerview,4752132168
1185,Dr. Vanessa Hill MD,North John,462251139
1186,Michael Henderson,West Jared,7877328606
1187,Daniel Marshall,New Becky,4347893300
1188,Debra House,South Maryshire,2781813726
1189,Sean Cannon,Harrisport,9897136207
1190,William Allen,Emilytown,4340634372
1191,Stacey Martin,Lake Jenniferview,9625500263
1192,Jane Ward,Kingtown,6146540147
1193,Dr. Jonathan Obrien,Jamiefort,7022705806
1194,Kristen Jones,Andersonmouth,5100260652
1195,Tami Johnson,North Juliefort,2430893368
1196,Aaron Davis,Port Vincentmouth,7994987118
1197,Scott Duncan DDS,East Brandonview,5544524880
1198,Tina Prince,North Markstad,8375092130
1199,James Black,Boydshire,6395381590
1200,Tara Miller,South Jasonfort,3693603055
1201,Gail Trujillo,Reneeland,1716044593
1202,Kevin Steele,East Amyburgh,3675845366
1203,Holly Hanson,North Sarahtown,7848700213
1204,Leslie Davila,South Stacey,8039008672
1205,Emily Hill,South Jennifershire,9086188667
1206,Catherine Graham,Matthewburgh,987157803
1207,Kaitlin Ruiz,Julieburgh,351268252
1208,Jorge Becker,South Rhondaport,5332613117
1209,Wendy Adams,South Michelleville,4683935188
1210,Emily Higgins,Cruzburgh,1753112393
1211,Brian Williams,Ryanland,1891675481
1212,Jonathan Cox,Laurenview,9592208498
1213,Cynthia Hale,North Sheilahaven,1058431219
1214,Christina Garcia,Webbville,2657142983
1215,Jamie Simpson,Kochbury,7128061170
1216,Samantha Reyes,Bakertown,5711583693
1217,Stephanie Thomas,North Kevin,6114266019
1218,Isabel Jackson,Port Davidview,2712359705
1219,Kristen Hull,Meyersfurt,7375404993
1220,William Wagner,Mcguirefort,9599177372
1221,Ashley Lucas,Jonesport,1379436737
1222,Gina Smith,New Ronaldmouth,4672084967
1223,Annette Gonzalez,Robinsonbury,5673882054
1224,Joshua Johnson,East Shelleytown,6447677073
1225,Charles Williams,Ryanburgh,7221531595
1226,Taylor Patrick,Port Ashleymouth,4587433903
1227,Kevin Aguirre,South William,5535091459
1228,Angela Rush,Osborneborough,5798052887
1229,Aaron Brooks,Port Juanton,2755796124
1230,Christopher Grimes,Millerchester,8938175892
1231,Nicholas Watson,South Michaelhaven,9378771365
1232,Tracy Gay,West Cynthiaton,5106018865
1233,Javier Smith,Timothyview,3350939986
1234,Valerie Hutchinson,South Tyler,687556622
1235,John Romero,Jerryside,1754508425
1236,Michael Hale,Port Troy,5667787602
1237,Christopher White,North Jon,5295181377
1238,Samantha Castro,Schaefertown,8004901903
1239,James Miller,North Jacquelinechester,5236887970
1240,Erica Rice,Vanceport,5777727562
1241,Kevin Steele,North Jennifer,8803756675
1242,Jamie Lin,Meghanfurt,8329817487
1243,Kevin Roberts,East Sean,510946604
1244,Teresa Morris,Port Alyssa,9633801444
1245,Traci Stewart,North Andrew,4266744843
1246,Gregory Bond,Port Zacharymouth,9609434471
1247,Linda Wong,East Robinstad,7587092305
1248,Shirley Brown,Lake Tommyside,4224753555
1249,Anne Mitchell,Janetbury,4880215027
1250,Mark Romero,Blevinshaven,1098401020
1251,Rebekah Avila DVM,Erinland,138824338
1252,Toni Wood,Jasonchester,2029821050
1253,Joel Harrison,South Robert,8101847387
1254,Derek Owens,Raymondhaven,8186017082
1255,Joseph Luna,Murrayburgh,7367485697
1256,Benjamin Gillespie,New Rodney,5647717877
1257,Adriana Lee,Lake Stephanie,9092551406
1258,Daniel Johnson,Bruceborough,7280501186
1259,Matthew Quinn,Hoffmanstad,6650683693
1260,Linda Knight,Deborahhaven,5583739506
1261,Breanna Clark,Lunashire,368209031
1262,Andrew Mann,Marissashire,9255943932
1263,Andrea Sanders,Lake Ronald,7603064452
1264,Derrick Brown,Sanchezbury,2525044097
1265,Jack Allen,Faulknerside,9459243375
1266,Catherine Grant,New Alexis,6453440929
1267,Michael Mitchell,Patriciashire,7952866514
1268,Megan Cervantes,Williefurt,634594625
1269,Susan Sanchez,Reynoldsshire,2367793353
1270,Travis Garcia,South Tabitha,2019996419
1271,Cynthia Thomas,Martinhaven,9697342658
1272,Jimmy Bradley,Johnchester,2549406186
1273,Trevor Brown,Tiffanyview,6291086776
1274,Erin Hall,East Robertstad,3816818641
1275,Jordan Garcia,Jamieville,7447762624
1276,Beth Valenzuela,North William,4314465078
1277,Marissa Hall,East Kenneth,8567323898
1278,William Gentry,West Brenda,2303341243
1279,Elizabeth Cobb,Larryville,61037011
1280,Nathan Johnson,Jacquelineside,5014956800
1281,Kevin Duncan,New Rachel,5631403815
1282,Betty Wilson,Wyattland,6964857700
1283,Alicia Griffith,East Brian,7854707202
1284,Kaitlin Griffin,Kellytown,5970037726
1285,Sophia Ward,North Waynefurt,8296458123
1286,Christian Rowe,New Thomas,9010316469
1287,Carmen Smith,South Jasonfort,7711242529
1288,Charles Rice,Marissabury,3083912588
1289,Sharon Butler,West Jessica,6531220911
1290,John Barber,New Gerald,3152627394
1291,Kendra Martinez,Nancyside,2298783770
1292,Madison Webb,South Kennethmouth,2570341179
1293,Charles Brown,South Catherinetown,2422635310
1294,Sheri Butler,Lloydton,627495291
1295,Aaron Brooks,Hendricksberg,2778846774
1296,Christine Perez,Espinozatown,1704730210
1297,Juan Watson,Lake Erik,3967322967
1298,Erin Carroll,North Ashley,6390192212
1299,David Nicholson,Jonathanview,2961033999
1300,Jessica Smith,Ruizburgh,5575570731
1301,Alicia Roach,Chambersberg,4692761001
1302,James Fields,Powellbury,4085246623
1303,Richard Riley,South Joshua,5073054741
1304,Sherry Moore,South Patrickburgh,2937320342
1305,Sabrina Castillo,Ashleyfurt,917174270
1306,Rodney Bates,North Stevenfort,6775722791
1307,Shari Palmer,Ashleymouth,7249707399
1308,Christopher Church,Port Steveberg,3545600858
1309,Leslie Weaver,Michaelburgh,3033265397
1310,Ronnie Watson Jr.,Lake Joshua,666153169
1311,Sheila Barker,Chrismouth,3236186720
1312,Chase Rangel,Robertsport,6988614625
1313,Richard Gilbert,Gabrielfort,1086475475
1314,Jason Russell,North Nicholas,5605133263
1315,Jill Conley,Obrienmouth,3410835227
1316,Andrew Hensley,Mccarthymouth,3626231728
1317,Brandon Hernandez,East Erin,6689066263
1318,Jacob Crawford,Olivermouth,3386821682
1319,Terri Gross,Lake Christopher,9022440452
1320,Kelly Clark,Bakerville,7028906737
1321,Edwin Kelley,Robinsonchester,432954092
1322,Katherine Flores,North Jasonchester,2921846081
1323,Joshua Mcclain,Port Joyce,3857394654
1324,Randall Romero,Allenton,5018966862
1325,Donald Myers,Davidton,1475075947
1326,Margaret Dominguez,Pattersonmouth,7779198209
1327,Gabrielle Ewing,East Tracimouth,3279981850
1328,Joshua Larson,Amberstad,2764933487
1329,Gary Mcintyre,North Virginia,987339281
1330,Megan Parker,East Ryanstad,1976327838
1331,Derek Evans,New Mark,9185038417
1332,Lisa Myers,North Steven,438466354
1333,Alexander Wu,South Randall,2848644873
1334,Mark King,Melissatown,1924646335
1335,Monica Mcdaniel,Lucastown,5722241965
1336,Mrs. Stacy Herrera,New Amandachester,4339972950
1337,Nicole Harris,East Allen,9324637972
1338,Tina Wiley,South Brittany,2193807436
1339,Shannon Chen,Crystalmouth,6573340032
1340,Sarah Martin,Kendraview,9829541442
1341,Michael Taylor,Ramirezbury,7902037808
1342,Sarah Johnson,North Martin,1773149007
1343,Joel Schroeder,Berrybury,8653779629
1344,Gary Turner,Colonmouth,6642145034
1345,Raymond Duncan,South Timothy,2613065701
1346,Roy Blake,Longmouth,604103117
1347,Ronald Thomas,Ryanbury,654691037
1348,Maria Austin,West Christopher,6508946510
1349,Tracy Watson MD,East Selenastad,3187804353
1350,Crystal Martin,Jonesshire,1049409120
1351,Alexander Johnson,Lake Justin,6022660202
1352,Nicholas Rogers,Port Davidport,7310994168
1353,Daniel Mason,Laneland,1743249557
1354,Travis Simpson,Port Kenneth,7651400675
1355,Tammy Eaton DDS,Dawsonton,2003067796
1356,Jonathan Lucas,Benjaminchester,8734866357
1357,Susan Craig,Christopherstad,8646713470
1358,Emily Williams,Lake Erin,2476561992
1359,Isaiah Gonzalez,South Jody,854819809
1360,William Levine,Beverlyshire,1832410909
1361,Melanie Green,Port Luis,756748459
1362,April Galvan,North Toddberg,6401109821
1363,Louis Collier,Rogerfurt,5740543248
1364,Zachary Holmes,East Justin,1421599178
1365,Molly Edwards,North Dustin,9082627229
1366,Dennis Benson,Sarahport,4313023975
1367,Lauren Perez,Markland,4873852829
1368,Donna Gonzalez,Lake Alyssa,8328286584
1369,David Greene,Millerside,9929045756
1370,Gail Grant,Barrettland,6330764160
1371,Brad Carrillo,Robertsburgh,3147148140
1372,James Perez,Port Jennifer,5853902410
1373,Brian Nichols,East Todd,3056458670
1374,John Hernandez,Lake Gordon,5396244581
1375,Cheryl Davis,Donaldville,9015077931
1376,Jason Miller,West Kathrynhaven,1757276499
1377,Mitchell Ellis,Port Sarahmouth,8541481971
1378,Douglas Hubbard,Port Kathleen,6337447856
1379,Leonard Rodriguez,Knightchester,7432700919
1380,Ryan Ellis,North Tiffanyburgh,8837785889
1381,Michaela Leonard,Port Philip,76631180
1382,Michael Cobb,Rebeccaside,925865833
1383,David Brown,Lake Calvinfurt,8394487153
1384,Ricky Williams,New Richard,2767655342
1385,Anna Holmes,New Dorothyfurt,2890379108
1386,Chris Fisher,Lake Kennethburgh,5514679116
1387,Jennifer Ryan,Tuckerside,1565160500
1388,Laura Tapia,Ellisonshire,9609212547
1389,Lori Spencer,Fosterburgh,6681064439
1390,Molly Smith,North Maria,7725737821
1391,Daniel Stephens,Brianfort,6608752160
1392,Luis Johnson,Graveschester,4290627614
1393,Erica Mccann,Summerschester,5503997382
1394,Tiffany Hernandez,Lindseystad,9909228014
1395,Alicia Davis,Collierfurt,4866200275
1396,Dawn Walsh,East Matthewborough,7159419522
1397,Sherry Brandt,Jenniferburgh,2904370838
1398,Kevin Schwartz,North Anna,110730796
1399,James Matthews,North Raymond,911535910
1400,Kelly Davis,North Andrewbury,8396484799
1401,Tony Bush,Baileyland,7157427618
1402,Jeanette Wilson,New Jonathanbury,7028941958
1403,Mark Medina,East Brenda,6597819820
1404,Paige Harper,Hoffmanshire,4814186647
1405,Maria Foster,Port Steven,9726085316
1406,Crystal Pena,Lake Jeff,6563678542
1407,Douglas Nelson,New Craig,1763646049
1408,Kathleen White,Brittanymouth,7225334421
1409,Beth West,Matthewsfort,5389463786
1410,David Jackson,East Jennifer,18410120
1411,Emily Romero,South Micheleville,9335810966
1412,Suzanne White,Ernestmouth,3271252197
1413,Tracy Cantu,Johnsonchester,9554771412
1414,Taylor Cooper,Kyleberg,7921160065
1415,Brandon Ayala,Port Andrew,2560718499
1416,Michele Singleton,Ericfurt,3454834096
1417,Scott Lynch,Port Kimberly,2780947817
1418,Monica Lang,Simonburgh,7620790655
1419,Kim Friedman,East Samueltown,522210194
1420,Daniel Yu,Wrighttown,905959847
1421,Mark Wagner,Port Joshuabury,3190994639
1422,Patricia Hicks,New Andrea,8567718604
1423,Nicholas Jones,Port Brian,3067554308
1424,Bryan Williams,South Steventown,9913233795
1425,Pamela Hopkins,New Johnhaven,5806263070
1426,Sandra Ray,Bellview,4193538366
1427,Derek Carter IV,Fisherside,4852121592
1428,Cindy Jones,Port Andrea,7274436437
1429,Lisa Rodriguez,North Theresa,5090581237
1430,Sherry Trujillo,Craigfort,6531994690
1431,Amanda Stout,Stanleymouth,3966847147
1432,Justin Washington,Nicholsmouth,9386819198
1433,Shawn Chan,Lake Kirk,2424002223
1434,John Harrison,New Theresahaven,7134475884
1435,Lisa Jenkins,Gutierrezshire,4058556553
1436,Joshua Martin,Taylorhaven,8954665540
1437,Claudia Barber,Debramouth,2114998438
1438,Katie Davila,Leeton,3979020575
1439,Travis Jones,Theresafurt,6182553890
1440,Shannon Spencer,Duncanfort,5365699259
1441,Brittany Roman,Sheppardport,260888407
1442,Tamara Stewart,Alishahaven,4704004800
1443,Derrick Mcintosh,West Amy,7953406716
1444,David Washington,North Richardmouth,4036483703
1445,Jonathan Garcia,New John,7677367562
1446,Shannon Thomas,Huntertown,9724044678
1447,Charles Williams,Michaelberg,8961536538
1448,Dr. Michael Serrano,Evanland,7340767114
1449,Sarah Fischer,Jaredstad,6310455410
1450,Victoria Grant,Fullertown,2319762648
1451,Michele Shaffer,Rosaleston,2997967697
1452,Casey Ferguson,Wesleyshire,3550747096
1453,Luis Marshall,Amyland,3097172040
1454,Kimberly Valdez,Lake Meganmouth,7818550885
1455,Nicholas Sanchez,North James,1477588837
1456,Samuel Navarro,Leslieside,7122932333
1457,Patricia Stevens,Cindystad,2959195260
1458,Ashley Perez,West Erictown,5276586019
1459,Rhonda Miller,Lake Joseph,7686721206
1460,Alexander Page,Berryville,9190870023
1461,Nichole Moore,Amymouth,6080340282
1462,Douglas Taylor,Justinville,1764199422
1463,Eric Wolf,Lake Danny,3202666390
1464,Donald Bonilla,West Timothy,7865807032
1465,Christina Shaw,Brandymouth,2123683403
1466,George Trevino,Christinabury,7286832230
1467,Samantha Cooper,Riosshire,1973922395
1468,Jimmy Oconnell,South Oscarville,4915041689
1469,Pamela Carter,New Leahton,7645113952
1470,Mary Crawford,South Edward,5512909050
1471,Darryl Goodman,Moraleschester,9599923334
1472,Troy Trujillo,East Johnmouth,8651147416
1473,Kathryn Williams,North Jeremymouth,1283879705
1474,Joshua Jones,Phillipsborough,8086929998
1475,Rachel Barnes,Brownbury,2138837550
1476,Devin Carey,West Lauren,9338075132
1477,Rachel Rios,Port Roberto,4814788137
1478,Ellen Fernandez,North Cynthiachester,9484757583
1479,Christopher Thompson,East Danielview,3180908609
1480,Timothy Cooper,South Scottview,1480525983
1481,Jacob Mcgrath,Aaronside,8906745443
1482,Greg White,Marystad,9553112957
1483,Robert Carr,East Lisamouth,4060943170
1484,Stacey Craig,West Jenniferton,3162410609
1485,Jonathan Alvarez,New Cristina,472409576
1486,Marcus Rivera,Lake Alexandra,6526088327
1487,Karen Aguilar,Hudsontown,862741530
1488,George Bennett,Dayport,3613566727
1489,Timothy Green,Meghanton,9922503137
1490,Melissa Padilla,East Timothy,5782894433
1491,Sara Conner,Bryantfort,741642888
1492,Melanie Arnold,Fosterview,8169389760
1493,Christy Mullins DVM,North Jamesview,1623991266
1494,Susan Santana,South Jordan,6509429603
1495,Samuel Foster,Frankborough,2124406916
1496,Mrs. Nicole Shelton,South Annfurt,2319216518
1497,Andrew King,Lake Jeremy,3748611377
1498,Diane Aguirre,Nixonmouth,1326030113
1499,Nicole Martin,North Stevenborough,1121193904
1500,Dr. Antonio Parker,Santosstad,1799347071
